# --------------------------------------------------,,,,,,,,,,,,
# nrow : 111,,,,,,,,,,,,
# ncol : 12,,,,,,,,,,,,
# comment : AMS of AWRA cookies,,,,,,,,,,,,
# time_generated : 2026-07-03 10:51:05,,,,,,,,,,,,
# author : ler015,,,,,,,,,,,,
# source_file : /datasets/work/lw-resilient-nr/work/0_Common_Data/8_DataProcessingScripts/nrivdatascripts/scripts/awra/AWR041_ams_cookies.py,,,,,,,,,,,,
# work_dir : /datasets/work/lw-resilient-nr/work/0_Common_Data/8_DataProcessingScripts/nrivdatascripts,,,,,,,,,,,,
# python_environment posix,,,,,,,,,,,,
# python_version : 3.12.9 | packaged by Anaconda, Inc. | (main, Feb  6 2025, 18:56:27) [GCC 11.2.0],,,,,,,,,
# pandas_version : 3.0.3,,,,,,,,,,,,
# numpy_version : 2.5.0,,,,,,,,,,,,
# python_inc : /home/ler015/miniconda3/include/python3.12,,,,,,,,,,,,
# python_lib : /datasets/work/lw-resilient-nr/work/0_Common_Data/8_DataProcessingScripts/nrivdatascripts/.venv/lib/python3.12/site-packages,,,,,,,,,,,,
# --------------------------------------------------,,,,,,,,,,,,
WATER_YEAR_START,WILSONSRIVER_PRECIPITATION_TIMEPEAK,WILSONSRIVER_PRECIPITATION_PEAK,WILSONSRIVER_PRECIPITATION_NVALID,WILSONSRIVER_PRECIPITATION_DAYOFYEAR,WILSONSRIVER_QTOT_TIMEPEAK,WILSONSRIVER_QTOT_PEAK,WILSONSRIVER_QTOT_NVALID,WILSONSRIVER_QTOT_DAYOFYEAR,WILSONSRIVER_SMPFULL_TIMEPEAK,WILSONSRIVER_SMPFULL_PEAK,WILSONSRIVER_SMPFULL_NVALID,WILSONSRIVER_SMPFULL_DAYOFYEAR
1911-10-01,25/06/1912 9:00,71.0581,365,268,1912-06-25,16.60892,365,268,25/06/1912 9:00,0.74603,365,268
1912-10-01,22/06/1913 9:00,96.61693,364,264,1913-06-22,20.14538,364,264,22/06/1913 9:00,0.79816,364,264
1913-10-01,9/05/1914 9:00,54.78995,364,220,1914-07-22,19.08766,364,294,22/07/1914 9:00,0.76952,364,294
1914-10-01,17/10/1914 9:00,52.80524,364,16,1914-10-17,6.52888,364,16,17/10/1914 9:00,0.67435,364,16
1915-10-01,27/02/1916 9:00,79.67995,365,149,1916-04-10,36.85388,365,192,10/04/1916 9:00,0.79522,365,192
1916-10-01,4/02/1917 9:00,83.18349,364,126,1917-02-05,20.92578,364,127,5/02/1917 9:00,0.76854,364,127
1917-10-01,9/11/1917 9:00,159.92934,364,39,1917-11-09,42.14233,364,39,9/11/1917 9:00,0.81823,364,39
1918-10-01,29/05/1919 9:00,149.2691,364,240,1919-05-30,50.4024,364,241,29/05/1919 9:00,0.81832,364,240
1919-10-01,7/01/1920 9:00,62.93839,365,98,1920-01-22,14.46955,365,113,22/01/1920 9:00,0.76936,365,113
1920-10-01,23/07/1921 9:00,183.82805,364,295,1921-05-16,64.02145,364,227,23/07/1921 9:00,0.8221,364,295
1921-10-01,28/12/1921 9:00,138.5573,364,88,1922-02-21,20.19151,364,143,21/02/1922 9:00,0.77573,364,143
1922-10-01,9/04/1923 9:00,69.45213,364,190,1923-04-28,25.12679,364,209,28/04/1923 9:00,0.78723,364,209
1923-10-01,13/06/1924 9:00,130.9642,365,256,1924-06-13,28.59019,365,256,13/06/1924 9:00,0.77727,365,256
1924-10-01,12/03/1925 9:00,82.28677,364,162,1925-03-12,49.61823,364,162,12/03/1925 9:00,0.80066,364,162
1925-10-01,1/01/1926 9:00,62.11716,364,92,1926-01-02,11.34978,364,93,10/11/1925 9:00,0.72199,364,40
1926-10-01,24/01/1927 9:00,87.59978,364,115,1927-01-24,36.7026,364,115,24/01/1927 9:00,0.80258,364,115
1927-10-01,29/11/1927 9:00,102.34705,365,59,1927-12-01,24.76671,365,61,29/11/1927 9:00,0.77556,365,59
1928-10-01,1/03/1929 9:00,175.96637,364,151,1929-03-02,45.48802,364,152,1/03/1929 9:00,0.82235,364,151
1929-10-01,15/04/1930 9:00,107.81819,364,196,1930-04-15,24.60686,364,196,1/06/1930 9:00,0.7967,364,243
1930-10-01,6/02/1931 9:00,216.4176,364,128,1931-02-07,74.82892,364,129,6/02/1931 9:00,0.82872,364,128
1931-10-01,1/12/1931 9:00,56.73829,365,61,1931-12-10,15.35508,365,70,9/12/1931 9:00,0.7669,365,69
1932-10-01,5/04/1933 9:00,95.65526,364,186,1933-04-06,27.70985,364,187,26/07/1933 9:00,0.77962,364,298
1933-10-01,9/05/1934 9:00,129.21141,364,220,1934-05-09,48.48887,364,220,9/05/1934 9:00,0.81477,364,220
1934-10-01,15/01/1935 9:00,45.65783,364,106,1935-07-12,7.33693,364,284,12/07/1935 9:00,0.68173,364,284
1935-10-01,3/03/1936 9:00,69.54571,365,154,1936-05-25,6.36331,365,237,25/03/1936 9:00,0.69225,365,176
1936-10-01,11/02/1937 9:00,103.15977,364,133,1937-03-17,29.76294,364,167,17/03/1937 9:00,0.78627,364,167
1937-10-01,10/04/1938 9:00,123.55229,364,191,1938-05-27,41.2726,364,238,10/04/1938 9:00,0.81059,364,191
1938-10-01,6/03/1939 9:00,132.27875,364,156,1939-03-06,38.34601,364,156,6/03/1939 9:00,0.8147,364,156
1939-10-01,2/03/1940 9:00,78.85016,365,153,1940-03-02,12.31669,365,153,19/03/1940 9:00,0.74223,365,170
1940-10-01,3/12/1940 9:00,78.61763,364,63,1941-06-01,16.98432,364,243,31/05/1941 9:00,0.74629,364,242
1941-10-01,10/02/1942 9:00,104.83334,364,132,1942-02-10,25.3031,364,132,10/02/1942 9:00,0.80723,364,132
1942-10-01,12/10/1942 9:00,77.35429,364,11,1943-01-06,13.31656,364,97,6/01/1943 9:00,0.7457,364,97
1943-10-01,30/12/1943 9:00,77.98721,365,90,1944-01-29,34.23275,365,120,29/01/1944 9:00,0.79531,365,120
1944-10-01,11/06/1945 9:00,173.69415,364,253,1945-06-12,72.54093,364,254,11/06/1945 9:00,0.82514,364,253
1945-10-01,4/04/1946 9:00,108.70678,364,185,1946-03-25,33.47322,364,175,4/04/1946 9:00,0.80547,364,185
1946-10-01,24/01/1947 9:00,140.41156,364,115,1947-01-26,22.7703,364,117,26/01/1947 9:00,0.78459,364,117
1947-10-01,16/06/1948 9:00,182.39279,365,259,1948-06-16,68.68193,365,259,16/06/1948 9:00,0.82718,365,259
1948-10-01,10/01/1949 9:00,77.62888,364,101,1949-03-28,29.69874,364,178,27/03/1949 9:00,0.78952,364,177
1949-10-01,25/10/1949 9:00,128.48459,364,24,1950-06-24,46.27861,364,266,23/06/1950 9:00,0.80097,364,265
1950-10-01,26/01/1951 9:00,102.50034,364,117,1951-01-27,34.50829,364,118,19/03/1951 9:00,0.79104,364,169
1951-10-01,25/02/1952 9:00,61.45383,365,147,1952-06-16,8.33045,365,259,15/08/1952 9:00,0.69938,365,319
1952-10-01,23/01/1953 9:00,122.49946,364,114,1953-02-22,51.38253,364,144,20/02/1953 9:00,0.80502,364,142
1953-10-01,21/02/1954 9:00,239.19643,364,143,1954-02-21,92.57323,364,143,21/02/1954 9:00,0.8327,364,143
1954-10-01,22/01/1955 9:00,147.53969,364,113,1955-05-01,37.29772,364,212,30/04/1955 9:00,0.80013,364,211
1955-10-01,18/02/1956 9:00,177.5826,365,140,1956-02-19,45.60019,365,141,18/02/1956 9:00,0.82137,365,140
1956-10-01,22/12/1956 9:00,83.7023,364,82,1957-08-28,6.14712,364,331,21/01/1957 9:00,0.67859,364,112
1957-10-01,11/04/1958 9:00,75.31265,364,192,1958-08-07,19.87219,364,310,6/08/1958 9:00,0.77547,364,309
1958-10-01,22/01/1959 9:00,135.12146,364,113,1959-02-18,36.63244,364,140,18/02/1959 9:00,0.80978,364,140
1959-10-01,12/11/1959 9:00,76.77122,365,42,1959-11-13,29.02979,365,43,13/11/1959 9:00,0.77482,365,43
1960-10-01,19/02/1961 9:00,136.02261,364,141,1961-02-20,24.10302,364,142,19/02/1961 9:00,0.77151,364,141
1961-10-01,10/07/1962 9:00,198.35989,364,282,1962-07-11,75.50982,364,283,11/07/1962 9:00,0.81854,364,283
1962-10-01,24/12/1962 9:00,79.20373,364,84,1963-05-08,86.65117,364,219,8/05/1963 9:00,0.83069,364,219
1963-10-01,,,365,-1,1964-03-27,19.72294,365,178,27/03/1964 9:00,0.78554,365,178
1964-10-01,20/07/1965 9:00,221.62932,364,292,1965-07-21,60.6105,364,293,20/07/1965 9:00,0.82872,364,292
1965-10-01,11/06/1966 9:00,123.94331,364,253,1966-06-11,21.74504,364,253,11/06/1966 9:00,0.76879,364,253
1966-10-01,19/03/1967 9:00,104.47151,364,169,1967-03-19,49.82626,364,169,19/03/1967 9:00,0.81031,364,169
1967-10-01,14/08/1968 9:00,72.32919,365,318,1968-01-13,22.75521,365,104,13/01/1968 9:00,0.77576,365,104
1968-10-01,13/05/1969 9:00,53.63394,364,224,1969-05-15,9.44352,364,226,15/05/1969 9:00,0.69896,364,226
1969-10-01,31/03/1970 9:00,56.94325,364,181,1970-02-22,8.31481,364,144,27/02/1970 9:00,0.66775,364,149
1970-10-01,9/12/1970 9:00,94.86803,364,69,1970-12-10,22.14925,364,70,10/12/1970 9:00,0.79665,364,70
1971-10-01,3/04/1972 9:00,107.89547,365,185,1972-02-13,36.83892,365,135,13/02/1972 9:00,0.80696,365,135
1972-10-01,28/10/1972 9:00,124.02464,364,27,1972-10-29,49.68483,364,28,28/10/1972 9:00,0.80971,364,27
1973-10-01,11/03/1974 9:00,204.24878,364,161,1974-03-11,83.16187,364,161,11/03/1974 9:00,0.82836,364,161
1974-10-01,2/03/1975 9:00,140.32445,364,152,1975-03-03,65.4367,364,153,3/03/1975 9:00,0.81977,364,153
1975-10-01,11/02/1976 9:00,147.40231,365,133,1976-02-29,49.1213,365,151,29/02/1976 9:00,0.80248,365,151
1976-10-01,3/03/1977 9:00,105.59537,364,153,1977-05-19,22.71683,364,230,3/03/1977 9:00,0.78839,364,153
1977-10-01,18/03/1978 9:00,138.13605,364,168,1978-03-19,62.26583,364,169,19/03/1978 9:00,0.81643,364,169
1978-10-01,30/07/1979 9:00,111.52257,364,302,1979-01-24,21.9972,364,115,6/02/1979 9:00,0.78142,364,128
1979-10-01,9/05/1980 9:00,161.87399,365,221,1980-05-09,71.31612,365,221,9/05/1980 9:00,0.82479,365,221
1980-10-01,21/02/1981 9:00,113.02374,364,143,1981-02-21,24.68027,364,143,21/02/1981 9:00,0.80251,364,143
1981-10-01,22/09/1982 9:00,63.70757,364,356,1982-03-15,13.78754,364,165,14/03/1982 9:00,0.76805,364,164
1982-10-01,23/06/1983 9:00,93.94235,364,265,1983-06-23,39.06061,364,265,23/06/1983 9:00,0.80479,364,265
1983-10-01,9/04/1984 9:00,170.04504,365,191,1984-04-09,49.39032,365,191,9/04/1984 9:00,0.82175,365,191
1984-10-01,9/07/1985 9:00,122.45477,364,281,1984-11-01,24.44998,364,31,9/07/1985 9:00,0.78733,364,281
1985-10-01,27/10/1985 9:00,86.29867,364,26,1985-10-27,2.58306,364,26,12/05/1986 9:00,0.58231,364,223
1986-10-01,5/03/1987 9:00,173.10938,364,155,1987-05-11,77.1631,364,222,5/03/1987 9:00,0.82451,364,155
1987-10-01,15/09/1988 9:00,139.82898,365,350,1988-04-07,61.23495,365,189,4/04/1988 9:00,0.81102,365,186
1988-10-01,2/04/1989 9:00,223.6846,364,183,1989-04-02,75.73727,364,183,2/04/1989 9:00,0.82779,364,183
1989-10-01,3/02/1990 9:00,135.43755,364,125,1990-04-06,33.7302,364,187,28/05/1990 9:00,0.80609,364,239
1990-10-01,8/02/1991 9:00,82.31181,364,130,1991-03-13,7.47947,364,163,10/06/1991 9:00,0.68781,364,252
1991-10-01,13/12/1991 9:00,131.25105,365,73,1992-03-17,14.27936,365,168,13/12/1991 9:00,0.79174,365,73
1992-10-01,7/02/1993 9:00,47.27014,364,129,1993-07-14,6.90244,364,286,14/07/1993 9:00,0.67622,364,286
1993-10-01,1/03/1994 9:00,65.74249,364,151,1994-03-04,30.52832,364,154,3/03/1994 9:00,0.7923,364,153
1994-10-01,16/02/1995 9:00,124.13348,364,138,1995-02-16,35.24875,364,138,16/02/1995 9:00,0.80677,364,138
1995-10-01,3/05/1996 9:00,113.01921,365,215,1996-05-07,48.68397,365,219,3/05/1996 9:00,0.81322,365,215
1996-10-01,31/07/1997 9:00,46.08504,364,303,1997-02-19,5.5225,364,141,28/02/1997 9:00,0.69346,364,150
1997-10-01,10/02/1998 9:00,55.91624,364,132,1998-09-12,4.03073,364,346,24/04/1998 9:00,0.64135,364,205
1998-10-01,11/04/1999 9:00,88.8192,364,192,1999-04-11,34.67863,364,192,11/04/1999 9:00,0.80208,364,192
1999-10-01,14/01/2000 9:00,98.95073,365,105,2000-01-14,22.89947,365,105,14/01/2000 9:00,0.75261,365,105
2000-10-01,2/02/2001 9:00,246.77887,364,124,2001-02-02,62.90022,364,124,2/02/2001 9:00,0.82881,364,124
2001-10-01,3/06/2002 9:00,52.07132,364,245,2002-06-03,5.36339,364,245,3/06/2002 9:00,0.67313,364,245
2002-10-01,27/06/2003 9:00,54.00183,364,269,2003-04-29,15.34713,364,210,27/06/2003 9:00,0.76542,364,269
2003-10-01,6/03/2004 9:00,148.24142,365,157,2004-03-06,31.57625,365,157,6/03/2004 9:00,0.81071,365,157
2004-10-01,30/06/2005 9:00,178.38344,364,272,2005-06-30,56.5678,364,272,30/06/2005 9:00,0.81802,364,272
2005-10-01,20/01/2006 9:00,112.49386,364,111,2006-01-20,39.65588,364,111,20/01/2006 9:00,0.8093,364,111
2006-10-01,23/09/2007 9:00,48.33497,364,357,2007-08-22,2.53789,364,325,10/11/2006 9:00,0.64967,364,40
2007-10-01,4/01/2008 9:00,98.06795,365,95,2008-01-05,49.97146,365,96,5/01/2008 9:00,0.80731,365,96
2008-10-01,22/05/2009 9:00,167.77261,364,233,2009-05-22,70.54394,364,233,22/05/2009 9:00,0.82434,364,233
2009-10-01,7/02/2010 9:00,75.01675,364,129,2010-03-03,17.35434,364,153,3/03/2010 9:00,0.75835,364,153
2010-10-01,25/12/2010 9:00,74.84957,364,85,2010-12-28,32.6992,364,88,28/12/2010 9:00,0.79256,364,88
2011-10-01,26/01/2012 9:00,82.71319,365,117,2012-01-26,34.47205,365,117,26/01/2012 9:00,0.79986,365,117
2012-10-01,28/01/2013 9:00,142.80051,364,119,2013-02-23,44.10912,364,145,23/02/2013 9:00,0.80501,364,145
2013-10-01,28/03/2014 9:00,122.02937,364,178,2014-08-28,20.43432,364,331,28/08/2014 9:00,0.78303,364,331
2014-10-01,2/05/2015 9:00,143.3335,364,213,2015-05-02,31.63498,364,213,2/05/2015 9:00,0.80973,364,213
2015-10-01,5/06/2016 9:00,159.71268,365,248,2016-06-05,38.35351,365,248,5/06/2016 9:00,0.95004,365,248
2016-10-01,31/03/2017 9:00,270.10452,364,181,2017-03-31,90.66254,364,181,31/03/2017 9:00,0.989,364,181
2017-10-01,15/10/2017 9:00,67.96066,364,14,2018-03-07,11.93863,364,157,7/03/2018 9:00,0.88493,364,157
2018-10-01,15/10/2018 9:00,50.39651,364,14,2018-10-16,10.83798,364,15,17/10/2018 9:00,0.87192,364,16
2019-10-01,18/01/2020 9:00,108.6057,365,109,2020-02-14,44.24355,365,136,14/02/2020 9:00,0.94785,365,136
2020-10-01,13/12/2020 9:00,126.78217,364,73,2020-12-15,42.93348,364,75,15/12/2020 9:00,0.96436,364,75
2021-10-01,28/02/2022 9:00,451.15967,303,150,2022-02-28,160.74335,303,150,28/02/2022 9:00,0.99158,303,150
